{
    "parkingLots": [
        {
            "id": "F",
            "name": "F Lot",
            "coordinates": [
                43.08685473682115,
                -77.67819997570587
            ],
            "availableSpots": 21,
            "totalSpots": 30
        },
        {
            "id": "Lot B",
            "name": "Lot B",
            "coordinates": [
                43.08196216226093,
                -77.68018647265258
            ],
            "availableSpots": 50,
            "totalSpots": 200
        },
        {
            "id": "PM",
            "name": "Polissini Mini",
            "coordinates": [
                43.081971380368536,
                -77.67476039347474
            ],
            "availableSpots": 5,
            "totalSpots": 5
        }
    ]
}